Kod,Nazwa,Rok,populacja,zgony,tlenki_azotu,tlenek_wegla,podtlenek_azotu,dwutlenek_siarki,dwutlenek_wegla,metan,nie_zorganizowana
200000,DOLNOSLASKIE,1996,2986884,,,,,,,,
200000,DOLNOSLASKIE,1997,2985381,,,,,,,,
200000,DOLNOSLASKIE,1998,2982128,,26056,15975,9,137512,14600500,66,264
200000,DOLNOSLASKIE,1999,2917139,6693,24709,13134,9,69766,14249156,52,11398
200000,DOLNOSLASKIE,2000,2912195,6790,24506,11909,0,72597,14955329,43,16441
200000,DOLNOSLASKIE,2001,2909622,6965,25048,10746,0,68227,14508184,37,13847
200000,DOLNOSLASKIE,2002,2904694,7078,22538,9447,0,54415,13283996,32,11847
200000,DOLNOSLASKIE,2003,2898313,7219,24443,9029,0,51381,14288474,103,11273
200000,DOLNOSLASKIE,2004,2893055,7286,22821,9966,0,56302,16559118,569,12861
200000,DOLNOSLASKIE,2005,2888232,7426,23162,9609,0,60466,17941373,12578,33121
200000,DOLNOSLASKIE,2006,2882317,7558,21082,9335,0,67839,17440418,9164,22368
200000,DOLNOSLASKIE,2007,2878410,7779,20912,11140,0,60868,16578598,4012,12684
200000,DOLNOSLASKIE,2008,2877059,7729,18978,9319,0,54052,16870678,4221,11445
200000,DOLNOSLASKIE,2009,2876627,7715,18497,7867,2,54871,15381247,2913,11703
200000,DOLNOSLASKIE,2010,2917242,7478,19208,7813,2,54182,16260865,203,438
200000,DOLNOSLASKIE,2011,2916577,7699,18722,7146,2,48364,15866406,182,400
200000,DOLNOSLASKIE,2012,2914362,8067,18898,7424,2,48148,15963062,183,547
200000,DOLNOSLASKIE,2013,2909997,7808,16343,7109,2,38009,15222847,185,981
200000,DOLNOSLASKIE,2014,2908457,8215,14219,6438,2,24891,13430685,1098,2048
200000,DOLNOSLASKIE,2015,2904207,8638,12907,7365,6,22615,12789373,131,891
200000,DOLNOSLASKIE,2016,2903710,8739,11072,7394,6,20081,12772748,81,676
200000,DOLNOSLASKIE,2017,2902547,8977,10557,5585,6,13715,11997408,181,803
400000,KUJAWSKO-POMORSKIE,1996,2095819,,,,,,,,
400000,KUJAWSKO-POMORSKIE,1997,2098018,,,,,,,,
400000,KUJAWSKO-POMORSKIE,1998,2100106,,20941,19752,22,41961,8550741,0,791
400000,KUJAWSKO-POMORSKIE,1999,2068864,4775,19111,18759,19,37550,8066057,0,693
400000,KUJAWSKO-POMORSKIE,2000,2067817,4864,16450,20281,0,35428,8088326,0,665
400000,KUJAWSKO-POMORSKIE,2001,2069747,4988,15837,23597,0,34600,8279491,0,662
400000,KUJAWSKO-POMORSKIE,2002,2069166,5108,14666,18991,0,37170,7760092,0,744
400000,KUJAWSKO-POMORSKIE,2003,2068142,5106,14600,18097,0,35660,8742152,0,1479
400000,KUJAWSKO-POMORSKIE,2004,2068258,5240,14416,17071,0,31535,8765058,0,1011
400000,KUJAWSKO-POMORSKIE,2005,2068253,5277,14140,17800,0,29534,8081951,0,1272
400000,KUJAWSKO-POMORSKIE,2006,2066371,5373,13534,16981,0,31582,7638823,0,975
400000,KUJAWSKO-POMORSKIE,2007,2066136,5604,14886,16931,3378,28273,7467569,551,246
400000,KUJAWSKO-POMORSKIE,2008,2067918,5427,12806,15685,2049,24238,6907293,840,678
400000,KUJAWSKO-POMORSKIE,2009,2069083,5742,12058,13081,359,22039,6715258,1022,597
400000,KUJAWSKO-POMORSKIE,2010,2098711,5852,13690,15657,359,23140,6941843,1022,298
400000,KUJAWSKO-POMORSKIE,2011,2098370,5491,12865,15669,295,19894,6980088,1216,312
400000,KUJAWSKO-POMORSKIE,2012,2096404,5755,12548,16902,289,20455,8398770,3907,364
400000,KUJAWSKO-POMORSKIE,2013,2092564,5585,12778,12597,219,19294,7886988,3788,1116
400000,KUJAWSKO-POMORSKIE,2014,2089992,5768,11875,12652,196,16812,8055168,2358,1156
400000,KUJAWSKO-POMORSKIE,2015,2086210,5652,12287,13432,228,17892,8328734,3708,3139
400000,KUJAWSKO-POMORSKIE,2016,2083927,6091,12371,15555,294,15115,9275744,5434,3447
400000,KUJAWSKO-POMORSKIE,2017,2082944,6235,11304,16230,251,12513,9729869,3659,3618
600000,LUBELSKIE,1996,2244212,,,,,,,,
600000,LUBELSKIE,1997,2241952,,,,,,,,
600000,LUBELSKIE,1998,2239500,,11428,10992,0,26993,5697816,93,280
600000,LUBELSKIE,1999,2209083,4436,9251,10088,0,23633,5109783,93,14
600000,LUBELSKIE,2000,2206200,4573,10518,7137,0,21834,4533680,89,10
600000,LUBELSKIE,2001,2201720,4706,9178,6112,0,21259,4254946,88,7
600000,LUBELSKIE,2002,2196992,4824,9718,6831,0,21346,5164905,88,6
600000,LUBELSKIE,2003,2191172,4847,9993,7427,0,18643,5090796,87,5
600000,LUBELSKIE,2004,2185156,4912,11083,6939,0,19038,5249655,84,5
600000,LUBELSKIE,2005,2179611,4850,10803,6970,0,19103,5245365,85,1
600000,LUBELSKIE,2006,2172766,4870,9874,7071,0,18581,5041535,89,23
600000,LUBELSKIE,2007,2166213,5043,10523,7658,0,18827,5252370,88,4
600000,LUBELSKIE,2008,2161832,5170,9606,6308,0,15641,4872364,98,345
600000,LUBELSKIE,2009,2157202,5162,8497,7243,763,14939,4868817,90,30
600000,LUBELSKIE,2010,2178611,4895,8663,8653,893,13176,5163079,77,28
600000,LUBELSKIE,2011,2171857,4926,9178,7600,1378,13979,5544986,53,30
600000,LUBELSKIE,2012,2165651,4951,8671,7218,1792,12711,5292809,236,14
600000,LUBELSKIE,2013,2156150,5135,7606,5225,1013,9991,4703062,251,56
600000,LUBELSKIE,2014,2147746,5125,7940,5885,760,9769,4944642,45,65
600000,LUBELSKIE,2015,2139726,5433,6753,5693,853,6001,4978698,44,69
600000,LUBELSKIE,2016,2133340,5330,6194,5922,851,4373,5077123,36,168
600000,LUBELSKIE,2017,2126317,5497,6366,6532,622,4666,5049237,24,75
800000,LUBUSKIE,1996,1017596,,,,,,,,
800000,LUBUSKIE,1997,1020345,,,,,,,,
800000,LUBUSKIE,1998,1022521,,5621,15258,0,10511,1920887,0,24
800000,LUBUSKIE,1999,1007967,2151,4442,13183,0,8397,1968891,0,7
800000,LUBUSKIE,2000,1008472,2156,3114,13420,0,6039,1774356,0,1
800000,LUBUSKIE,2001,1008983,2161,3038,12197,0,5832,1918925,0,0
800000,LUBUSKIE,2002,1008196,2300,2689,12501,0,5601,1498178,0,172
800000,LUBUSKIE,2003,1008786,2274,2748,18555,0,5195,1758846,0,145
800000,LUBUSKIE,2004,1009168,2313,2841,24904,0,5207,2077144,0,0
800000,LUBUSKIE,2005,1009198,2388,2854,24280,0,5189,2156412,0,0
800000,LUBUSKIE,2006,1008520,2330,2649,28569,0,4835,2178198,0,0
800000,LUBUSKIE,2007,1008481,2436,2239,30347,0,3267,1982476,0,1361
800000,LUBUSKIE,2008,1008962,2479,2163,23660,0,2742,1813179,0,73
800000,LUBUSKIE,2009,1010047,2416,2489,20186,0,2944,1926296,0,90
800000,LUBUSKIE,2010,1023215,2454,2744,21550,0,3034,2052779,0,92
800000,LUBUSKIE,2011,1023158,2527,2516,16757,0,2759,2066477,0,86
800000,LUBUSKIE,2012,1023317,2573,2399,17856,0,2630,2030131,0,45
800000,LUBUSKIE,2013,1021470,2564,2405,17640,0,2282,1985842,0,40
800000,LUBUSKIE,2014,1020307,2558,2478,17320,0,2368,1985797,0,7348
800000,LUBUSKIE,2015,1018075,2624,6111,8812,1,2631,1981285,0,5150
800000,LUBUSKIE,2016,1017376,2737,2701,2448,1,2471,2175286,0,2018
800000,LUBUSKIE,2017,1016832,2830,2731,2426,1,2149,2185491,0,5571
1000000,LODZKIE,1996,2680350,,,,,,,,
1000000,LODZKIE,1997,2672823,,,,,,,,
1000000,LODZKIE,1998,2663608,,54095,28794,0,286126,47037794,0,830
1000000,LODZKIE,1999,2637438,6615,52587,26022,0,300853,42803742,0,796
1000000,LODZKIE,2000,2627824,6647,48538,22025,0,256283,37665940,0,571
1000000,LODZKIE,2001,2617318,6931,48088,21188,0,227806,44816295,0,329
1000000,LODZKIE,2002,2607380,6979,46457,20616,0,196512,46876759,0,572
1000000,LODZKIE,2003,2597094,7147,48088,19039,0,164445,48421902,0,428
1000000,LODZKIE,2004,2587702,6989,49875,20406,0,159262,36443910,0,1098
1000000,LODZKIE,2005,2577465,6981,53216,16611,0,150413,37305165,0,929
1000000,LODZKIE,2006,2566198,6945,51538,14683,0,134213,35095190,1,882
1000000,LODZKIE,2007,2555898,7036,50436,16033,0,113742,33837516,2,686
1000000,LODZKIE,2008,2548861,7026,51195,15958,0,76690,36140302,1,448
1000000,LODZKIE,2009,2541832,7143,53600,16242,0,64947,34364760,1,696
1000000,LODZKIE,2010,2542436,7173,55310,20278,0,89012,35538324,4,631
1000000,LODZKIE,2011,2533681,7160,52862,22772,7,92321,39768849,4,666
1000000,LODZKIE,2012,2524651,7177,51039,19762,4,90288,40681016,3,430
1000000,LODZKIE,2013,2513093,7296,51386,21533,5,72275,42814141,27,457
1000000,LODZKIE,2014,2504136,7312,45993,24263,5,83149,41691268,36,1897
1000000,LODZKIE,2015,2493603,7844,43005,25229,5,84234,42108463,80,1896
1000000,LODZKIE,2016,2485323,7609,36189,31615,6,37616,40120464,44,2046
1000000,LODZKIE,2017,2476315,7667,36699,34297,5,45309,43091666,34,1976
1200000,MALOPOLSKIE,1996,3197064,,,,,,,,
1200000,MALOPOLSKIE,1997,3206630,,,,,,,,
1200000,MALOPOLSKIE,1998,3215885,,30406,56646,0,76851,13492130,54270,13584
1200000,MALOPOLSKIE,1999,3217865,6813,29398,49093,0,64500,12758690,51043,26939
1200000,MALOPOLSKIE,2000,3229139,6960,28110,53119,0,64963,13176768,52435,36073
1200000,MALOPOLSKIE,2001,3236268,6956,25940,46827,0,58359,12499272,56281,20028
1200000,MALOPOLSKIE,2002,3237217,7106,24892,43194,0,53930,12480010,56483,18727
1200000,MALOPOLSKIE,2003,3252949,7230,23583,40047,0,52629,12890755,56325,20408
1200000,MALOPOLSKIE,2004,3260201,7256,23897,54331,0,52847,12881125,54112,24678
1200000,MALOPOLSKIE,2005,3266187,7323,24854,43842,0,56417,13608673,51986,18351
1200000,MALOPOLSKIE,2006,3271206,7584,25796,50691,0,55164,15145176,52491,24410
1200000,MALOPOLSKIE,2007,3279036,7481,25527,46174,0,56439,15326540,53198,24873
1200000,MALOPOLSKIE,2008,3287136,7632,22046,41217,2,34484,13135973,55069,20977
1200000,MALOPOLSKIE,2009,3298270,7586,19894,25570,1117,28171,10501290,62897,26058
1200000,MALOPOLSKIE,2010,3336699,7730,20279,21886,1369,29447,10344594,56356,31381
1200000,MALOPOLSKIE,2011,3346796,7705,20324,28304,1628,28630,10839863,53212,31217
1200000,MALOPOLSKIE,2012,3354077,7911,20365,16898,1990,28583,10462727,48528,56231
1200000,MALOPOLSKIE,2013,3360581,7920,20393,12201,1776,29833,10892685,41936,74020
1200000,MALOPOLSKIE,2014,3368336,8101,21570,14049,1616,29585,10129113,40076,32954
1200000,MALOPOLSKIE,2015,3372618,8817,20154,17967,970,30394,10738076,31506,6340
1200000,MALOPOLSKIE,2016,3382260,8619,14989,14676,1055,12633,9977646,36486,5318
1200000,MALOPOLSKIE,2017,3391380,8457,15052,16412,872,12904,10840787,39894,1505
1400000,MAZOWIECKIE,1996,5061049,,,,,,,,
1400000,MAZOWIECKIE,1997,5064950,,,,,,,,
1400000,MAZOWIECKIE,1998,5066598,,52568,16055,0,152072,23576021,47,1129
1400000,MAZOWIECKIE,1999,5112652,11510,44831,13369,0,142301,22575138,31,921
1400000,MAZOWIECKIE,2000,5115010,12377,40673,12316,0,130969,23259298,52,945
1400000,MAZOWIECKIE,2001,5121681,12612,45056,14801,0,136896,23976306,80,3158
1400000,MAZOWIECKIE,2002,5128623,12855,42302,14149,0,129138,23909207,74,1573
1400000,MAZOWIECKIE,2003,5135732,13006,47923,17754,0,141776,26095053,53,1231
1400000,MAZOWIECKIE,2004,5145997,12977,45740,18358,0,141891,25932948,63,1093
1400000,MAZOWIECKIE,2005,5157729,12988,48885,19590,0,145703,27012551,41,1113
1400000,MAZOWIECKIE,2006,5171702,13141,50777,23068,0,154960,28849791,135,2503
1400000,MAZOWIECKIE,2007,5188488,13361,49180,23942,0,119005,27879730,135,1929
1400000,MAZOWIECKIE,2008,5204495,13385,46437,18322,0,88540,27645514,297,1363
1400000,MAZOWIECKIE,2009,5222167,13059,46174,13543,0,90815,27781359,315,1567
1400000,MAZOWIECKIE,2010,5267072,13193,50459,17355,1309,97248,29331528,278,1858
1400000,MAZOWIECKIE,2011,5285604,13226,47276,20839,1231,84877,28419279,239,1421
1400000,MAZOWIECKIE,2012,5301760,13356,42683,19653,1323,81149,27688906,225,1490
1400000,MAZOWIECKIE,2013,5316840,13579,40835,18713,1113,78111,28508373,321,2272
1400000,MAZOWIECKIE,2014,5334511,13950,38202,19325,756,79733,28289736,405,2273
1400000,MAZOWIECKIE,2015,5349114,14689,34775,17330,858,68394,28439611,433,21835
1400000,MAZOWIECKIE,2016,5365898,14755,29316,15497,640,33479,28687025,347,24383
1400000,MAZOWIECKIE,2017,5384617,14898,26651,18067,639,31459,29043524,293,27679
1600000,OPOLSKIE,1996,1092524,,,,,,,,
1600000,OPOLSKIE,1997,1091077,,,,,,,,
1600000,OPOLSKIE,1998,1089586,,18715,14535,0,20012,12784037,117,2567
1600000,OPOLSKIE,1999,1074205,2182,19107,14639,1,17973,13245570,97,1073
1600000,OPOLSKIE,2000,1070598,2295,20475,17448,0,18015,14390226,114,965
1600000,OPOLSKIE,2001,1066438,2285,19491,16263,0,17525,13650521,119,1258
1600000,OPOLSKIE,2002,1061009,2334,18105,14179,0,14754,12012520,100,758
1600000,OPOLSKIE,2003,1055667,2407,20116,14340,0,14063,12978014,123,812
1600000,OPOLSKIE,2004,1051531,2398,21285,17782,0,12506,13669209,12,581
1600000,OPOLSKIE,2005,1047407,2482,20894,17343,0,12290,13221088,17,1218
1600000,OPOLSKIE,2006,1041941,2449,24195,20873,0,12966,14199968,21,887
1600000,OPOLSKIE,2007,1037088,2467,25013,22786,0,13612,15486993,40,1669
1600000,OPOLSKIE,2008,1033040,2458,23098,21195,0,12494,14210862,1638,2876
1600000,OPOLSKIE,2009,1031097,2490,22680,22120,1389,12410,13744437,1543,2800
1600000,OPOLSKIE,2010,1017241,2456,21466,27641,1471,12423,13670270,1978,4822
1600000,OPOLSKIE,2011,1013950,2549,21158,29202,707,12000,13901625,797,3239
1600000,OPOLSKIE,2012,1010203,2675,19658,26199,351,10783,12532711,2166,4532
1600000,OPOLSKIE,2013,1004416,2657,19110,25324,498,11178,12148066,2622,5096
1600000,OPOLSKIE,2014,1000858,2637,17735,26608,418,10984,13003459,381,2785
1600000,OPOLSKIE,2015,996011,2539,14306,22004,362,9032,12322709,378,2151
1600000,OPOLSKIE,2016,993036,2094,13191,19884,611,9070,12335716,437,1049
1600000,OPOLSKIE,2017,990069,2592,12859,18581,403,8261,12828730,262,1161
1800000,PODKARPACKIE,1996,2112560,,,,,,,,
1800000,PODKARPACKIE,1997,2117341,,,,,,,,
1800000,PODKARPACKIE,1998,2122164,,8834,9143,0,20293,3790507,1,2377
1800000,PODKARPACKIE,1999,2098771,3649,7270,5000,0,18320,3533046,0,2293
1800000,PODKARPACKIE,2000,2101375,3801,6629,4552,0,15871,3272794,0,1784
1800000,PODKARPACKIE,2001,2104138,3940,6437,3873,0,14434,2977379,0,1507
1800000,PODKARPACKIE,2002,2105050,3861,6045,3873,0,13892,2650035,0,1481
1800000,PODKARPACKIE,2003,2097248,4142,6776,4917,0,15317,3613414,0,1813
1800000,PODKARPACKIE,2004,2097975,4017,6239,4494,0,13762,3611526,0,1471
1800000,PODKARPACKIE,2005,2098263,4136,6466,4603,0,14576,3492763,0,3994
1800000,PODKARPACKIE,2006,2097564,4225,6514,4066,0,14123,3567680,0,8414
1800000,PODKARPACKIE,2007,2097338,4289,6325,4130,0,11792,3522575,0,9523
1800000,PODKARPACKIE,2008,2099495,4315,6023,3418,0,10367,3411513,0,10166
1800000,PODKARPACKIE,2009,2101732,4445,5465,3570,1,8780,3383688,29,7514
1800000,PODKARPACKIE,2010,2127948,4244,6260,3873,1,10337,3746718,9,7742
1800000,PODKARPACKIE,2011,2128687,4203,6066,3982,1,9760,3681186,6,8801
1800000,PODKARPACKIE,2012,2129951,4331,5275,3504,1,8339,3342357,0,9452
1800000,PODKARPACKIE,2013,2129294,4298,5872,3370,1,9179,3224556,1,9499
1800000,PODKARPACKIE,2014,2129187,4263,4438,3674,1,5503,2510982,1,9639
1800000,PODKARPACKIE,2015,2127657,4567,5375,5011,0,6864,3034238,0,9083
1800000,PODKARPACKIE,2016,2127656,4930,4796,4582,0,5698,2789738,0,8778
1800000,PODKARPACKIE,2017,2129138,4848,4767,4917,0,5510,2798606,34,9226
2000000,PODLASKIE,1996,1223133,,,,,,,,
2000000,PODLASKIE,1997,1223944,,,,,,,,
2000000,PODLASKIE,1998,1223802,,4335,4483,0,8443,1969617,0,113
2000000,PODLASKIE,1999,1212269,2575,4156,4591,0,7162,1974352,0,147
2000000,PODLASKIE,2000,1210688,2680,3230,3426,0,6189,1694936,0,2287
2000000,PODLASKIE,2001,1209439,2583,3596,2693,0,7432,1887591,0,94
2000000,PODLASKIE,2002,1207704,2636,3332,2486,0,6362,1861096,0,71
2000000,PODLASKIE,2003,1205117,2743,3687,2661,0,6557,1970023,0,1
2000000,PODLASKIE,2004,1202425,2836,3510,3031,0,5485,1861629,0,2
2000000,PODLASKIE,2005,1199689,2813,3627,3159,0,5251,1787286,0,3
2000000,PODLASKIE,2006,1196101,2833,3435,3279,0,4834,1692193,0,1
2000000,PODLASKIE,2007,1192660,2885,3372,4603,0,4348,1703422,0,209
2000000,PODLASKIE,2008,1191470,2790,3020,4025,0,3672,1591626,0,26
2000000,PODLASKIE,2009,1189731,2821,3141,2213,0,3394,1588531,0,6
2000000,PODLASKIE,2010,1203448,2798,3150,2408,0,3304,1607331,0,4
2000000,PODLASKIE,2011,1200982,2853,3214,2213,7,3275,1636909,3,0
2000000,PODLASKIE,2012,1198690,2852,2749,2139,5,2783,1471973,2,1
2000000,PODLASKIE,2013,1194965,2945,3118,3102,4,2548,1965203,643,644
2000000,PODLASKIE,2014,1191918,2810,3177,3284,5,2735,2004380,610,609
2000000,PODLASKIE,2015,1188800,3089,2770,2993,8,2937,1968592,530,533
2000000,PODLASKIE,2016,1186625,2973,2364,2779,5,2905,2199008,605,608
2000000,PODLASKIE,2017,1184548,2927,2164,2645,2,3202,2056122,556,573
2200000,POMORSKIE,1996,2172540,,,,,,,,
2200000,POMORSKIE,1997,2179104,,,,,,,,
2200000,POMORSKIE,1998,2185673,,12130,9925,0,32906,4920995,16,3731
2200000,POMORSKIE,1999,2166230,4885,10594,9046,1,30531,5251230,0,8395
2200000,POMORSKIE,2000,2172284,5103,9857,7272,0,26730,4989622,0,6203
2200000,POMORSKIE,2001,2178337,5111,10176,6782,0,25260,5213097,0,7909
2200000,POMORSKIE,2002,2183636,5327,9203,6218,0,25863,5144811,0,7009
2200000,POMORSKIE,2003,2188918,5244,9215,6268,0,25677,5813412,0,4088
2200000,POMORSKIE,2004,2194041,5314,8943,6152,0,24727,6196524,0,5710
2200000,POMORSKIE,2005,2199043,5433,9084,5967,0,25169,6324309,0,6388
2200000,POMORSKIE,2006,2203595,5706,9097,5815,0,23966,6173225,0,5855
2200000,POMORSKIE,2007,2210920,5732,9136,5926,0,23662,5938810,0,6294
2200000,POMORSKIE,2008,2219512,5500,8493,4844,0,19974,5481158,0,6532
2200000,POMORSKIE,2009,2230099,5651,8271,4561,0,16271,5397592,0,1360
2200000,POMORSKIE,2010,2275494,5698,9679,5904,0,18128,6488573,0,2457
2200000,POMORSKIE,2011,2283500,5729,9686,5723,0,19648,6872496,0,2308
2200000,POMORSKIE,2012,2290070,5859,9679,5828,29,16803,6867975,0,2203
2200000,POMORSKIE,2013,2295811,5804,9001,5396,27,13369,6482547,0,1991
2200000,POMORSKIE,2014,2302077,6044,8215,4962,34,11330,6381968,0,3772
2200000,POMORSKIE,2015,2307710,6253,8289,5449,38,12971,6589988,82,2792
2200000,POMORSKIE,2016,2315611,6292,7518,5238,37,9382,6802467,78,3050
2200000,POMORSKIE,2017,2324251,6173,6393,4601,36,7514,6668797,18,2181
2400000,SLASKIE,1996,4902913,,,,,,,,
2400000,SLASKIE,1997,4894230,,,,,,,,
2400000,SLASKIE,1998,4882448,,87099,136534,0,207304,35281551,51851,7377
2400000,SLASKIE,1999,4776856,10418,79661,117505,2,199544,33361715,188315,12719
2400000,SLASKIE,2000,4758944,10921,81881,136100,1,152259,33777867,235273,10397
2400000,SLASKIE,2001,4741816,11367,76303,125091,1,145572,33523659,220769,29168
2400000,SLASKIE,2002,4731533,11465,75631,142855,0,149270,37134316,231690,19703
2400000,SLASKIE,2003,4714982,11403,73486,141573,0,149519,38824648,281304,25367
2400000,SLASKIE,2004,4700771,11825,74684,145376,0,153216,41521903,342680,28055
2400000,SLASKIE,2005,4685775,11900,72157,116611,0,146510,40116452,375432,50183
2400000,SLASKIE,2006,4669137,11899,73372,133320,0,146882,44416197,386263,47244
2400000,SLASKIE,2007,4654115,12398,75410,132432,0,152101,45520486,391005,45494
2400000,SLASKIE,2008,4645665,12317,64453,129893,4,94936,41976861,402234,44425
2400000,SLASKIE,2009,4640725,12619,61692,95466,4,83399,37263923,400670,37275
2400000,SLASKIE,2010,4634935,12566,67887,137644,6,92455,42700527,388018,43971
2400000,SLASKIE,2011,4626357,12548,64968,118688,998,88992,42717068,377000,91643
2400000,SLASKIE,2012,4615870,13104,62178,135118,1109,80248,40173989,387867,80132
2400000,SLASKIE,2013,4599447,13172,57314,144455,1116,80496,40508004,425406,59367
2400000,SLASKIE,2014,4585924,13296,48383,158042,1538,68141,36531504,440812,60451
2400000,SLASKIE,2015,4570849,13859,46202,161631,1377,63688,37985092,494031,79383
2400000,SLASKIE,2016,4559164,13965,42745,155658,1155,51339,37920480,488848,87285
2400000,SLASKIE,2017,4548180,14265,43485,161546,1525,44343,38942885,461316,74042
2600000,SWIE˜TOKRZYSKIE,1996,1330460,,,,,,,,
2600000,SWIE˜TOKRZYSKIE,1997,1327859,,,,,,,,
2600000,SWIE˜TOKRZYSKIE,1998,1326218,,18082,4801,0,73859,11996545,0,567
2600000,SWIE˜TOKRZYSKIE,1999,1302518,2792,20893,8455,0,48384,11732795,0,708
2600000,SWIE˜TOKRZYSKIE,2000,1302650,2876,23657,12084,0,48668,12134231,0,744
2600000,SWIE˜TOKRZYSKIE,2001,1299382,3014,20972,11631,0,46560,11098966,0,699
2600000,SWIE˜TOKRZYSKIE,2002,1295885,2966,19579,10859,0,44151,10820346,0,342
2600000,SWIE˜TOKRZYSKIE,2003,1291598,3039,20302,17605,0,37838,11408159,0,191
2600000,SWIE˜TOKRZYSKIE,2004,1288693,2969,19622,22514,0,31374,10417280,0,177
2600000,SWIE˜TOKRZYSKIE,2005,1285007,3047,17337,20364,0,22373,9087497,0,156
2600000,SWIE˜TOKRZYSKIE,2006,1279838,3122,20250,25586,0,29274,11213783,0,3
2600000,SWIE˜TOKRZYSKIE,2007,1275550,3257,18798,33710,0,28481,11968069,0,12
2600000,SWIE˜TOKRZYSKIE,2008,1272784,3227,17582,36889,0,29057,11608282,0,0
2600000,SWIE˜TOKRZYSKIE,2009,1270120,3120,19580,41233,31,17937,11623931,0,0
2600000,SWIE˜TOKRZYSKIE,2010,1282546,3118,19424,40549,21,17150,13252184,83,0
2600000,SWIE˜TOKRZYSKIE,2011,1278116,3121,20792,49062,28,14940,13769959,1839,14
2600000,SWIE˜TOKRZYSKIE,2012,1273995,3403,19631,43216,33,14087,12614952,71,13
2600000,SWIE˜TOKRZYSKIE,2013,1268239,3251,17056,41243,21,10592,11453604,133,0
2600000,SWIE˜TOKRZYSKIE,2014,1263176,3180,19335,37623,14,14031,11998646,201,23
2600000,SWIE˜TOKRZYSKIE,2015,1257179,3497,20956,43766,19,21784,12449246,167,54
2600000,SWIE˜TOKRZYSKIE,2016,1252900,3611,21737,41576,35,14872,13947096,149,601
2600000,SWIE˜TOKRZYSKIE,2017,1247732,3373,18404,38642,24,13268,13562678,159,0
2800000,WARMINSKO-MAZURSKIE,1996,1456724,,,,,,,,
2800000,WARMINSKO-MAZURSKIE,1997,1460432,,,,,,,,
2800000,WARMINSKO-MAZURSKIE,1998,1463520,,4495,5906,12,7275,1660686,0,3
2800000,WARMINSKO-MAZURSKIE,1999,1424772,2950,4022,5017,12,7909,1644164,0,7
2800000,WARMINSKO-MAZURSKIE,2000,1427508,2985,3586,3708,11,7438,1515999,0,5
2800000,WARMINSKO-MAZURSKIE,2001,1428469,3154,2987,3560,13,6313,1546459,0,5
2800000,WARMINSKO-MAZURSKIE,2002,1428449,3227,2805,3319,12,5029,1456512,0,4
2800000,WARMINSKO-MAZURSKIE,2003,1428885,3189,2518,3141,11,4450,1416131,0,3
2800000,WARMINSKO-MAZURSKIE,2004,1428714,3147,2272,3303,10,4706,1371653,0,0
2800000,WARMINSKO-MAZURSKIE,2005,1428601,3287,2431,3196,0,4580,1489560,0,1
2800000,WARMINSKO-MAZURSKIE,2006,1426883,3378,2315,2755,0,4015,1399945,0,0
2800000,WARMINSKO-MAZURSKIE,2007,1426155,3394,2270,2582,0,4644,1395700,0,5
2800000,WARMINSKO-MAZURSKIE,2008,1427073,3472,2261,2751,0,4108,1371567,0,6
2800000,WARMINSKO-MAZURSKIE,2009,1427118,3497,2367,2857,0,4125,1431255,0,7
2800000,WARMINSKO-MAZURSKIE,2010,1453782,3560,2562,2654,0,4073,1523039,0,6
2800000,WARMINSKO-MAZURSKIE,2011,1452596,3456,2281,2250,0,3870,1382396,0,4
2800000,WARMINSKO-MAZURSKIE,2012,1450697,3682,2484,2448,0,4117,1504748,0,10
2800000,WARMINSKO-MAZURSKIE,2013,1446915,3788,2320,2281,0,3891,1583288,0,14
2800000,WARMINSKO-MAZURSKIE,2014,1443967,3593,2262,2134,0,3574,1448707,0,11
2800000,WARMINSKO-MAZURSKIE,2015,1439675,4015,2284,2355,3,4084,1440630,1,9
2800000,WARMINSKO-MAZURSKIE,2016,1436367,4065,2408,2756,2,4399,1579739,1,6
2800000,WARMINSKO-MAZURSKIE,2017,1433945,3843,2475,2415,3,3895,1647713,1,8
3000000,WIELKOPOLSKIE,1996,3339757,,,,,,,,
3000000,WIELKOPOLSKIE,1997,3346045,,,,,,,,
3000000,WIELKOPOLSKIE,1998,3351422,,34889,13898,0,160949,18709896,2108,18730
3000000,WIELKOPOLSKIE,1999,3339749,7464,32790,12465,0,141430,18190047,1595,12102
3000000,WIELKOPOLSKIE,2000,3345316,7488,28585,13309,0,127719,16778683,5163,6746
3000000,WIELKOPOLSKIE,2001,3350437,7664,28744,10771,0,138290,17659682,7634,77
3000000,WIELKOPOLSKIE,2002,3355279,7661,27365,10155,0,134692,17124642,7269,43
3000000,WIELKOPOLSKIE,2003,3359932,7680,29309,10711,0,142908,17948569,11346,77
3000000,WIELKOPOLSKIE,2004,3365283,8068,28275,12829,0,135480,17100797,11567,69
3000000,WIELKOPOLSKIE,2005,3372417,7998,27954,11987,0,138347,16795647,12072,62
3000000,WIELKOPOLSKIE,2006,3378502,8355,30168,13497,0,167886,17752277,10456,227
3000000,WIELKOPOLSKIE,2007,3386882,8364,29412,11422,0,164464,18076486,10986,224
3000000,WIELKOPOLSKIE,2008,3397617,8312,27321,10905,0,110584,18104522,9869,249
3000000,WIELKOPOLSKIE,2009,3408281,8406,24676,7617,0,31367,17516802,13844,155
3000000,WIELKOPOLSKIE,2010,3446745,8383,23909,7536,1,30653,16722208,15672,257
3000000,WIELKOPOLSKIE,2011,3455477,8398,24173,8490,29,36389,16616144,15451,231
3000000,WIELKOPOLSKIE,2012,3462196,8438,23060,7588,4811,29437,16661899,17215,318
3000000,WIELKOPOLSKIE,2013,3467016,8468,25023,7121,130,31520,17089650,13588,307
3000000,WIELKOPOLSKIE,2014,3472579,8771,23659,7197,135,29516,16245460,14813,294
3000000,WIELKOPOLSKIE,2015,3475323,9075,22986,8182,135,28206,16229480,14476,612
3000000,WIELKOPOLSKIE,2016,3481625,9335,22170,7451,40,26697,15357254,10339,608
3000000,WIELKOPOLSKIE,2017,3489210,9498,20612,7634,41,25157,14386472,4830,659
3200000,ZACHODNIOPOMORSKIE,1996,1725756,,,,,,,,
3200000,ZACHODNIOPOMORSKIE,1997,1729848,,,,,,,,
3200000,ZACHODNIOPOMORSKIE,1998,1731804,,24111,6850,0,71219,10045221,0,4909
3200000,ZACHODNIOPOMORSKIE,1999,1696925,3628,23050,5748,0,63317,9783326,0,854
3200000,ZACHODNIOPOMORSKIE,2000,1697935,3756,21104,7181,0,49182,9519321,0,2480
3200000,ZACHODNIOPOMORSKIE,2001,1698402,3797,19963,6167,0,44776,8827456,0,1437
3200000,ZACHODNIOPOMORSKIE,2002,1697718,4044,19176,4703,0,34276,7856374,0,618
3200000,ZACHODNIOPOMORSKIE,2003,1696073,3965,14033,4200,0,22199,8113735,0,620
3200000,ZACHODNIOPOMORSKIE,2004,1694865,4262,13731,4874,0,19864,7934091,0,862
3200000,ZACHODNIOPOMORSKIE,2005,1694178,4036,13249,4050,0,19572,8032827,0,494
3200000,ZACHODNIOPOMORSKIE,2006,1692838,4165,17002,4188,0,25173,9445767,0,378
3200000,ZACHODNIOPOMORSKIE,2007,1692271,4283,17192,4983,0,24653,9279244,0,223
3200000,ZACHODNIOPOMORSKIE,2008,1692957,4281,15588,3844,0,22021,9391951,0,264
3200000,ZACHODNIOPOMORSKIE,2009,1693198,4285,13911,2603,0,16164,8045729,0,186
3200000,ZACHODNIOPOMORSKIE,2010,1723741,4468,15817,2814,0,21487,9107690,0,220
3200000,ZACHODNIOPOMORSKIE,2011,1722739,4418,15885,2513,0,23686,9199337,0,161
3200000,ZACHODNIOPOMORSKIE,2012,1721405,4613,15099,2549,0,17971,9199081,0,236
3200000,ZACHODNIOPOMORSKIE,2013,1718861,4661,13409,2588,0,14320,9432407,0,158
3200000,ZACHODNIOPOMORSKIE,2014,1715431,4695,11278,3682,2,9642,8842521,622,1214
3200000,ZACHODNIOPOMORSKIE,2015,1710482,4876,9664,3410,1,10605,8577335,629,1182
3200000,ZACHODNIOPOMORSKIE,2016,1708174,4801,9787,3172,1,9959,8403439,581,1428
3200000,ZACHODNIOPOMORSKIE,2017,1705533,4861,9116,4443,0,9674,7711980,406,969
